id,score,total_errors,popularity
857781,-5,1,unpopular
719170,-4,99,unpopular
511976,-4,10,unpopular
1113428,-4,2,unpopular
961235,-4,9,unpopular
482333,-4,3,unpopular
660972,-3,9,unpopular
878831,-3,8,unpopular
835126,-3,3,unpopular
553382,-3,13,unpopular
858110,-3,1,unpopular
413644,-3,6,unpopular
875359,-3,1,unpopular
478847,-3,2,unpopular
431992,-2,23,unpopular
667187,-2,3,unpopular
353832,-2,11,unpopular
372694,-2,2,unpopular
1070367,-2,16,unpopular
910286,-2,1,unpopular
596316,-2,24,unpopular
544365,-2,1,unpopular
1048568,-1,22,unpopular
773159,-1,3,unpopular
1105750,-1,1,unpopular
910777,-1,2,unpopular
967172,-1,13,unpopular
916822,-1,34,unpopular
696728,-1,7,unpopular
1082530,-1,8,unpopular
877459,-1,8,unpopular
317217,-1,2,unpopular
831303,-1,5,unpopular
430816,-1,10,unpopular
985022,-1,1,unpopular
665189,-1,1,unpopular
493622,-1,10,unpopular
887943,-1,1,unpopular
988671,-1,1,unpopular
939412,-1,2,unpopular
774012,-1,4,unpopular
729199,-1,1,unpopular
558986,-1,1,unpopular
613964,-1,4,unpopular
195291,-1,48,unpopular
201412,-1,3,unpopular
443098,-1,2,unpopular
617652,-1,9,unpopular
446869,-1,13,unpopular
902179,-1,2,unpopular
854004,-1,2,unpopular
626587,-1,1,unpopular
407313,-1,5,unpopular
1009176,-1,17,unpopular
261821,-1,3,unpopular
862432,-1,2,unpopular
913859,-1,6,unpopular
913061,-1,8,unpopular
1012748,-1,2,unpopular
863230,-1,4,unpopular
866313,-1,15,unpopular
420549,-1,6,unpopular
1014897,-1,2,unpopular
423832,-1,7,unpopular
1077152,-1,2,unpopular
426201,-1,5,unpopular
702073,-1,23,unpopular
474418,-1,2,unpopular
644206,-1,12,unpopular
1131499,-1,7,unpopular
709176,-1,9,unpopular
1135759,-1,137,unpopular
1138341,-1,8,unpopular
484367,-1,5,unpopular
1099018,0,4,unpopular
995779,0,2,unpopular
864102,0,1,unpopular
979324,0,2,unpopular
1033949,0,15,unpopular
980286,0,4,unpopular
829545,0,1,unpopular
981217,0,7,unpopular
767148,0,13,unpopular
932971,0,9,unpopular
933311,0,2,unpopular
933730,0,2,unpopular
768361,0,9,unpopular
983910,0,3,unpopular
833871,0,11,unpopular
937331,0,2,unpopular
433510,0,1,unpopular
664473,0,2,unpopular
433864,0,1,unpopular
1047499,0,6,unpopular
987475,0,4,unpopular
1048282,0,10,unpopular
836933,0,19,unpopular
725253,0,1,unpopular
887861,0,4,unpopular
725476,0,2,unpopular
725485,0,9,unpopular
838188,0,1,unpopular
667732,0,4,unpopular
726841,0,5,unpopular
727387,0,1,unpopular
727464,0,3,unpopular
1051315,0,40,unpopular
1051810,0,1,unpopular
776047,0,1,unpopular
669919,0,4,unpopular
612198,0,11,unpopular
558211,0,4,unpopular
943291,0,6,unpopular
842214,0,7,unpopular
1100566,0,12,unpopular
843178,0,4,unpopular
499035,0,10,unpopular
894042,0,5,unpopular
844169,0,7,unpopular
779729,0,15,unpopular
844940,0,2,unpopular
780020,0,6,unpopular
615607,0,3,unpopular
946976,0,22,unpopular
1056419,0,24,unpopular
1056738,0,8,unpopular
616210,0,31,unpopular
947604,0,8,unpopular
371906,0,2,unpopular
781585,0,18,unpopular
847370,0,4,unpopular
848135,0,7,unpopular
736106,0,6,unpopular
848920,0,16,unpopular
736620,0,2,unpopular
999749,0,2,unpopular
849125,0,1,unpopular
1000073,0,3,unpopular
849369,0,4,unpopular
784597,0,8,unpopular
620690,0,5,unpopular
850242,0,1,unpopular
621413,0,1,unpopular
786323,0,2,unpopular
1109216,0,18,unpopular
386628,0,1,unpopular
679604,0,19,unpopular
851811,0,1,unpopular
852517,0,4,unpopular
682072,0,1,unpopular
1064988,0,8,unpopular
1065813,0,1,unpopular
1005801,0,25,unpopular
1113046,0,2,unpopular
958556,0,6,unpopular
744537,0,8,unpopular
1114275,0,4,unpopular
959432,0,4,unpopular
686185,0,3,unpopular
459266,0,1,unpopular
860153,0,5,unpopular
961782,0,17,unpopular
1070104,0,10,unpopular
1117650,0,4,unpopular
630933,0,1,unpopular
962689,0,2,unpopular
962700,0,7,unpopular
796149,0,5,unpopular
861929,0,2,unpopular
1011345,0,3,unpopular
690151,0,8,unpopular
912808,0,1,unpopular
797796,0,3,unpopular
519333,0,2,unpopular
964893,0,5,unpopular
1013557,0,8,unpopular
865027,0,1,unpopular
693052,0,38,unpopular
865099,0,2,unpopular
1014234,0,2,unpopular
1014288,0,1,unpopular
799411,0,1,unpopular
1075324,0,8,unpopular
466511,0,3,unpopular
801444,0,21,unpopular
967352,0,1,unpopular
422819,0,1,unpopular
753576,0,5,unpopular
696325,0,3,unpopular
696779,0,1,unpopular
696815,0,1,unpopular
867747,0,12,unpopular
918538,0,11,unpopular
969032,0,2,unpopular
755410,0,4,unpopular
803975,0,4,unpopular
698122,0,28,unpopular
1078250,0,8,unpopular
804414,0,27,unpopular
756017,0,6,unpopular
425520,0,11,unpopular
1079116,0,27,unpopular
921557,0,7,unpopular
699706,0,10,unpopular
870911,0,4,unpopular
640322,0,11,unpopular
640450,0,3,unpopular
871659,0,16,unpopular
972978,0,1,unpopular
701505,0,1,unpopular
1020986,0,7,unpopular
529053,0,1,unpopular
808801,0,1,unpopular
808867,0,7,unpopular
703300,0,2,unpopular
760888,0,3,unpopular
760703,0,1,unpopular
809609,0,9,unpopular
809706,0,28,unpopular
761025,0,6,unpopular
761228,0,2,unpopular
976174,0,1,unpopular
761514,0,2,unpopular
977539,0,1,unpopular
978015,0,1,unpopular
876152,0,6,unpopular
762645,0,3,unpopular
928546,0,6,unpopular
928908,0,2,unpopular
929660,0,1,unpopular
595235,0,17,unpopular
1134988,0,9,unpopular
1136731,0,11,unpopular
817055,0,3,unpopular
712968,0,1,unpopular
1032369,0,14,unpopular
713805,0,1,unpopular
818961,0,11,unpopular
656330,0,4,unpopular
656692,0,17,unpopular
821117,0,36,unpopular
823944,0,15,unpopular
825329,0,3,unpopular
1039821,0,40,unpopular
599965,0,1,unpopular
545679,0,4,unpopular
657833,0,2,unpopular
545712,0,1,unpopular
980500,0,3,unpopular
717063,0,4,unpopular
717098,0,21,unpopular
546070,0,6,unpopular
310817,0,1,unpopular
311907,0,8,unpopular
658365,0,3,unpopular
311919,0,40,unpopular
829334,0,4,unpopular
658379,0,5,unpopular
426803,0,1,unpopular
427311,0,1,unpopular
1088832,0,7,unpopular
658719,0,2,unpopular
600496,0,2,unpopular
931795,0,1,unpopular
981021,0,5,unpopular
600415,0,1,unpopular
1089020,0,7,unpopular
658955,0,3,unpopular
1089189,0,4,unpopular
313844,0,6,unpopular
981132,0,2,unpopular
718270,0,1,unpopular
314937,0,2,unpopular
765804,0,10,unpopular
830003,0,11,unpopular
546958,0,9,unpopular
546974,0,29,unpopular
547021,0,27,unpopular
932013,0,1,unpopular
546776,0,1,unpopular
1042327,0,4,unpopular
601071,0,1,unpopular
881593,0,1,unpopular
315123,0,7,unpopular
932318,0,1,unpopular
932742,0,12,unpopular
830704,0,2,unpopular
317710,0,1,unpopular
547365,0,4,unpopular
659813,0,10,unpopular
1090094,0,39,unpopular
830739,0,2,unpopular
601539,0,7,unpopular
830761,0,11,unpopular
1042843,0,1,unpopular
317232,0,13,unpopular
1089812,0,5,unpopular
602187,0,4,unpopular
317414,0,1,unpopular
547524,0,2,unpopular
318913,0,1,unpopular
767042,0,10,unpopular
547939,0,7,unpopular
547571,0,6,unpopular
319126,0,15,unpopular
8834,0,8,unpopular
548100,0,3,unpopular
548104,0,9,unpopular
148302,0,5,unpopular
486488,0,7,unpopular
10217,0,12,unpopular
831401,0,8,unpopular
487017,0,4,unpopular
1043134,0,22,unpopular
982984,0,1,unpopular
602314,0,81,unpopular
602500,0,5,unpopular
1091016,0,22,unpopular
487376,0,1,unpopular
719777,0,12,unpopular
602536,0,17,unpopular
983114,0,2,unpopular
767598,0,5,unpopular
602537,0,112,unpopular
548394,0,1,unpopular
320735,0,9,unpopular
1043712,0,1,unpopular
11569,0,3,unpopular
321381,0,9,unpopular
602944,0,7,unpopular
548424,0,6,unpopular
1090844,0,3,unpopular
150742,0,3,unpopular
430319,0,2,unpopular
933765,0,1,unpopular
832452,0,14,unpopular
832470,0,3,unpopular
603537,0,3,unpopular
934239,0,2,unpopular
488058,0,5,unpopular
1044065,0,15,unpopular
883479,0,12,unpopular
720547,0,4,unpopular
549147,0,3,unpopular
883483,0,5,unpopular
1091573,0,7,unpopular
768152,0,2,unpopular
549342,0,21,unpopular
603956,0,14,unpopular
603989,0,6,unpopular
934842,0,6,unpopular
1091624,0,1,unpopular
431031,0,21,unpopular
934575,0,4,unpopular
768665,0,9,unpopular
549848,0,1,unpopular
325469,0,8,unpopular
768692,0,5,unpopular
662071,0,2,unpopular
984087,0,37,unpopular
604348,0,6,unpopular
1044815,0,3,unpopular
661872,0,1,unpopular
488894,0,3,unpopular
549808,0,8,unpopular
324441,0,8,unpopular
488738,0,1,unpopular
604280,0,12,unpopular
549819,0,17,unpopular
721114,0,6,unpopular
550096,0,1,unpopular
327091,0,5,unpopular
549942,0,15,unpopular
768966,0,9,unpopular
1044499,0,29,unpopular
549963,0,1,unpopular
550317,0,1,unpopular
935271,0,5,unpopular
550397,0,5,unpopular
550272,0,1,unpopular
662268,0,1,unpopular
833820,0,4,unpopular
489098,0,2,unpopular
661793,0,4,unpopular
884649,0,4,unpopular
984488,0,9,unpopular
662971,0,9,unpopular
935693,0,2,unpopular
605408,0,80,unpopular
662797,0,10,unpopular
550937,0,7,unpopular
769762,0,18,unpopular
985558,0,2,unpopular
885243,0,11,unpopular
550460,0,2,unpopular
328738,0,9,unpopular
489892,0,18,unpopular
330533,0,12,unpopular
1046182,0,21,unpopular
551154,0,7,unpopular
432020,0,21,unpopular
1046204,0,16,unpopular
663481,0,1,unpopular
550853,0,6,unpopular
551486,0,17,unpopular
432072,0,9,unpopular
551185,0,2,unpopular
985914,0,3,unpopular
722610,0,26,unpopular
551211,0,5,unpopular
551226,0,29,unpopular
663719,0,2,unpopular
605640,0,3,unpopular
332726,0,2,unpopular
551905,0,3,unpopular
886195,0,9,unpopular
1046968,0,3,unpopular
723416,0,2,unpopular
606014,0,4,unpopular
663937,0,6,unpopular
606437,0,1,unpopular
663679,0,4,unpopular
664316,0,6,unpopular
491077,0,1,unpopular
551741,0,10,unpopular
490565,0,16,unpopular
605720,0,14,unpopular
551898,0,37,unpopular
606801,0,12,unpopular
886592,0,2,unpopular
987020,0,4,unpopular
987078,0,4,unpopular
723557,0,2,unpopular
835619,0,20,unpopular
886530,0,4,unpopular
1094627,0,13,unpopular
552633,0,3,unpopular
1094863,0,1,unpopular
886557,0,2,unpopular
664644,0,19,unpopular
986748,0,14,unpopular
1047944,0,2,unpopular
1047662,0,13,unpopular
724045,0,4,unpopular
724050,0,2,unpopular
937268,0,14,unpopular
552383,0,1,unpopular
1048006,0,4,unpopular
987622,0,10,unpopular
491362,0,4,unpopular
491699,0,9,unpopular
552984,0,11,unpopular
552803,0,10,unpopular
665237,0,3,unpopular
434455,0,3,unpopular
937667,0,10,unpopular
337294,0,1,unpopular
665410,0,7,unpopular
1048127,0,13,unpopular
887106,0,1,unpopular
552918,0,2,unpopular
1048180,0,10,unpopular
938367,0,1,unpopular
887315,0,2,unpopular
886861,0,5,unpopular
887365,0,2,unpopular
887202,0,19,unpopular
553302,0,6,unpopular
553321,0,2,unpopular
772420,0,6,unpopular
1048256,0,33,unpopular
1095203,0,17,unpopular
607910,0,1,unpopular
724895,0,1,unpopular
938613,0,12,unpopular
29626,0,11,unpopular
724781,0,1,unpopular
608166,0,8,unpopular
608170,0,1,unpopular
836751,0,4,unpopular
887399,0,6,unpopular
434641,0,8,unpopular
1095420,0,41,unpopular
988290,0,2,unpopular
1095432,0,1,unpopular
665465,0,14,unpopular
434990,0,4,unpopular
725156,0,3,unpopular
988591,0,6,unpopular
608302,0,2,unpopular
837648,0,5,unpopular
665563,0,6,unpopular
987969,0,6,unpopular
987972,0,2,unpopular
554386,0,2,unpopular
773071,0,3,unpopular
725735,0,3,unpopular
725580,0,16,unpopular
939140,0,7,unpopular
938801,0,2,unpopular
888536,0,24,unpopular
666555,0,5,unpopular
666161,0,7,unpopular
773381,0,3,unpopular
554251,0,2,unpopular
608851,0,1,unpopular
666184,0,4,unpopular
939605,0,7,unpopular
725931,0,8,unpopular
608708,0,4,unpopular
174065,0,7,unpopular
608558,0,10,unpopular
554534,0,12,unpopular
940049,0,1,unpopular
725867,0,15,unpopular
555031,0,7,unpopular
939626,0,3,unpopular
436643,0,7,unpopular
838828,0,1,unpopular
838611,0,1,unpopular
1049753,0,3,unpopular
940517,0,3,unpopular
726463,0,3,unpopular
667459,0,5,unpopular
1050098,0,2,unpopular
609594,0,1,unpopular
889412,0,2,unpopular
889454,0,4,unpopular
889269,0,1,unpopular
609656,0,7,unpopular
610081,0,2,unpopular
727041,0,3,unpopular
940838,0,7,unpopular
609925,0,9,unpopular
774251,0,2,unpopular
990075,0,2,unpopular
437131,0,4,unpopular
437177,0,13,unpopular
495635,0,5,unpopular
727159,0,1,unpopular
726291,0,3,unpopular
667985,0,1,unpopular
1097476,0,2,unpopular
667997,0,3,unpopular
889727,0,2,unpopular
437246,0,2,unpopular
667817,0,3,unpopular
180469,0,1,unpopular
1097910,0,4,unpopular
990799,0,39,unpopular
667752,0,1,unpopular
437845,0,1,unpopular
890202,0,4,unpopular
496045,0,1,unpopular
890238,0,2,unpopular
495898,0,7,unpopular
727789,0,1,unpopular
610222,0,1,unpopular
727834,0,12,unpopular
610432,0,1,unpopular
349715,0,2,unpopular
889883,0,4,unpopular
610925,0,3,unpopular
1098489,0,3,unpopular
438368,0,15,unpopular
438043,0,5,unpopular
610801,0,1,unpopular
668589,0,2,unpopular
610983,0,1,unpopular
991408,0,1,unpopular
991734,0,3,unpopular
557207,0,1,unpopular
556809,0,3,unpopular
351156,0,25,unpopular
942296,0,2,unpopular
438660,0,11,unpopular
351661,0,4,unpopular
496890,0,1,unpopular
496785,0,1,unpopular
496788,0,5,unpopular
611308,0,10,unpopular
351733,0,6,unpopular
611511,0,4,unpopular
611368,0,3,unpopular
991330,0,9,unpopular
891110,0,1,unpopular
352098,0,2,unpopular
611847,0,7,unpopular
352613,0,1,unpopular
438964,0,3,unpopular
728559,0,3,unpopular
729011,0,2,unpopular
991165,0,15,unpopular
776115,0,2,unpopular
1098553,0,2,unpopular
776158,0,2,unpopular
352881,0,1,unpopular
776512,0,4,unpopular
353762,0,33,unpopular
353961,0,2,unpopular
841439,0,11,unpopular
841089,0,21,unpopular
841449,0,13,unpopular
669829,0,1,unpopular
353969,0,2,unpopular
1099162,0,2,unpopular
612181,0,2,unpopular
611935,0,13,unpopular
1099206,0,3,unpopular
612288,0,6,unpopular
669901,0,11,unpopular
439591,0,1,unpopular
1099732,0,1,unpopular
612364,0,2,unpopular
891920,0,1,unpopular
558207,0,13,unpopular
439699,0,4,unpopular
612438,0,6,unpopular
776874,0,10,unpopular
892358,0,19,unpopular
943312,0,7,unpopular
943403,0,7,unpopular
497998,0,21,unpopular
1100002,0,13,unpopular
892388,0,5,unpopular
1053100,0,2,unpopular
943659,0,4,unpopular
558321,0,7,unpopular
943556,0,2,unpopular
49454,0,2,unpopular
440344,0,4,unpopular
1099758,0,2,unpopular
670199,0,3,unpopular
1053345,0,12,unpopular
892709,0,9,unpopular
1099596,0,57,unpopular
498327,0,6,unpopular
670272,0,2,unpopular
670529,0,2,unpopular
892799,0,2,unpopular
842474,0,19,unpopular
943449,0,1,unpopular
841888,0,4,unpopular
440467,0,1,unpopular
670310,0,16,unpopular
613045,0,1,unpopular
1100324,0,2,unpopular
613374,0,14,unpopular
559057,0,4,unpopular
944066,0,48,unpopular
993376,0,8,unpopular
559335,0,5,unpopular
993856,0,7,unpopular
943866,0,1,unpopular
194741,0,3,unpopular
729645,0,2,unpopular
730112,0,1,unpopular
194761,0,35,unpopular
613160,0,1,unpopular
613847,0,2,unpopular
944477,0,4,unpopular
1100922,0,4,unpopular
944911,0,4,unpopular
499009,0,1,unpopular
671685,0,8,unpopular
613930,0,13,unpopular
196415,0,5,unpopular
614111,0,2,unpopular
359333,0,14,unpopular
994162,0,47,unpopular
994372,0,1,unpopular
731373,0,1,unpopular
1102061,0,7,unpopular
1102306,0,4,unpopular
778608,0,9,unpopular
1102074,0,8,unpopular
1100837,0,2,unpopular
198210,0,38,unpopular
671992,0,7,unpopular
1102228,0,26,unpopular
894237,0,12,unpopular
1100856,0,21,unpopular
1102108,0,1,unpopular
559936,0,2,unpopular
945370,0,3,unpopular
731247,0,7,unpopular
499801,0,10,unpopular
559789,0,22,unpopular
1055040,0,3,unpopular
614643,0,1,unpopular
672464,0,10,unpopular
443168,0,6,unpopular
844233,0,3,unpopular
844390,0,8,unpopular
499996,0,6,unpopular
614748,0,1,unpopular
1102831,0,9,unpopular
1102846,0,6,unpopular
443397,0,2,unpopular
1102283,0,6,unpopular
500172,0,33,unpopular
732216,0,12,unpopular
732217,0,5,unpopular
1102369,0,4,unpopular
1102783,0,1,unpopular
673124,0,4,unpopular
673143,0,1,unpopular
946051,0,18,unpopular
894670,0,5,unpopular
894721,0,4,unpopular
500797,0,6,unpopular
365233,0,3,unpopular
560908,0,2,unpopular
615220,0,1,unpopular
444322,0,5,unpopular
1103166,0,5,unpopular
615503,0,1,unpopular
615855,0,5,unpopular
444426,0,2,unpopular
1055865,0,9,unpopular
367998,0,17,unpopular
501199,0,19,unpopular
615921,0,2,unpopular
444086,0,2,unpopular
501266,0,1,unpopular
444088,0,3,unpopular
501296,0,7,unpopular
1103836,0,11,unpopular
780665,0,5,unpopular
1103589,0,2,unpopular
206082,0,11,unpopular
895829,0,2,unpopular
500973,0,14,unpopular
500982,0,3,unpopular
895688,0,2,unpopular
845417,0,5,unpopular
501097,0,11,unpopular
501158,0,11,unpopular
673775,0,3,unpopular
1056347,0,19,unpopular
1056362,0,9,unpopular
445054,0,2,unpopular
207383,0,12,unpopular
674166,0,2,unpopular
502110,0,8,unpopular
781096,0,21,unpopular
562148,0,2,unpopular
781105,0,13,unpopular
673996,0,2,unpopular
501596,0,5,unpopular
733867,0,5,unpopular
781174,0,8,unpopular
781192,0,17,unpopular
781216,0,13,unpopular
947801,0,8,unpopular
780810,0,4,unpopular
616308,0,4,unpopular
947823,0,2,unpopular
445414,0,5,unpopular
846371,0,11,unpopular
208932,0,12,unpopular
616461,0,22,unpopular
733999,0,1,unpopular
947603,0,17,unpopular
1104437,0,25,unpopular
947840,0,3,unpopular
896508,0,15,unpopular
502064,0,1,unpopular
501925,0,2,unpopular
846171,0,5,unpopular
997055,0,1,unpopular
997121,0,6,unpopular
674584,0,2,unpopular
616843,0,2,unpopular
846697,0,5,unpopular
372072,0,2,unpopular
562661,0,65,unpopular
997385,0,1,unpopular
897066,0,1,unpopular
734229,0,3,unpopular
502775,0,3,unpopular
446039,0,1,unpopular
997761,0,2,unpopular
674674,0,27,unpopular
997922,0,6,unpopular
502539,0,2,unpopular
997948,0,2,unpopular
998078,0,59,unpopular
947951,0,1,unpopular
617663,0,4,unpopular
617691,0,5,unpopular
734705,0,12,unpopular
617458,0,9,unpopular
948798,0,5,unpopular
503275,0,1,unpopular
503289,0,6,unpopular
782246,0,1,unpopular
563033,0,15,unpopular
372899,0,16,unpopular
734872,0,2,unpopular
781948,0,17,unpopular
563516,0,1,unpopular
1057925,0,3,unpopular
446266,0,1,unpopular
846922,0,2,unpopular
563664,0,10,unpopular
847134,0,4,unpopular
735137,0,3,unpopular
503103,0,5,unpopular
214336,0,1,unpopular
1105463,0,10,unpopular
897558,0,14,unpopular
617645,0,4,unpopular
897675,0,2,unpopular
998311,0,23,unpopular
563313,0,4,unpopular
503873,0,1,unpopular
618037,0,9,unpopular
735418,0,3,unpopular
735019,0,7,unpopular
618497,0,1,unpopular
735623,0,1,unpopular
563991,0,7,unpopular
563859,0,12,unpopular
1058553,0,4,unpopular
1106114,0,2,unpopular
1058505,0,3,unpopular
564004,0,11,unpopular
216090,0,6,unpopular
676135,0,4,unpopular
1105953,0,15,unpopular
897985,0,12,unpopular
447006,0,1,unpopular
1106298,0,18,unpopular
735993,0,2,unpopular
376477,0,16,unpopular
735212,0,12,unpopular
735893,0,6,unpopular
564533,0,2,unpopular
448219,0,1,unpopular
565117,0,12,unpopular
999397,0,6,unpopular
949299,0,3,unpopular
504251,0,30,unpopular
448353,0,1,unpopular
504382,0,4,unpopular
848275,0,16,unpopular
1059072,0,13,unpopular
448361,0,1,unpopular
619465,0,2,unpopular
619506,0,2,unpopular
448419,0,17,unpopular
735741,0,25,unpopular
619529,0,12,unpopular
377237,0,1,unpopular
1060195,0,7,unpopular
504547,0,6,unpopular
898930,0,39,unpopular
619753,0,3,unpopular
950190,0,2,unpopular
504565,0,1,unpopular
449261,0,1,unpopular
849188,0,97,unpopular
505602,0,10,unpopular
1059901,0,9,unpopular
381307,0,24,unpopular
449122,0,1,unpopular
381466,0,27,unpopular
676588,0,2,unpopular
448964,0,3,unpopular
898716,0,30,unpopular
380988,0,1,unpopular
1060624,0,3,unpopular
1107165,0,4,unpopular
678110,0,8,unpopular
784373,0,1,unpopular
1107238,0,11,unpopular
382107,0,4,unpopular
785273,0,21,unpopular
380451,0,2,unpopular
737977,0,11,unpopular
505508,0,2,unpopular
448707,0,7,unpopular
448723,0,7,unpopular
676881,0,3,unpopular
677082,0,5,unpopular
620599,0,1,unpopular
950932,0,2,unpopular
785386,0,3,unpopular
951091,0,12,unpopular
506378,0,3,unpopular
951683,0,1,unpopular
220311,0,1,unpopular
1107464,0,3,unpopular
565852,0,4,unpopular
737533,0,8,unpopular
899752,0,7,unpopular
506408,0,7,unpopular
222976,0,2,unpopular
952048,0,3,unpopular
951579,0,10,unpopular
736898,0,18,unpopular
505704,0,9,unpopular
952148,0,1,unpopular
225770,0,7,unpopular
1107947,0,4,unpopular
385425,0,8,unpopular
566565,0,1,unpopular
849552,0,10,unpopular
677802,0,34,unpopular
678765,0,5,unpopular
1061309,0,4,unpopular
621587,0,2,unpopular
566648,0,2,unpopular
565210,0,5,unpopular
566188,0,2,unpopular
385801,0,5,unpopular
567602,0,1,unpopular
1061711,0,5,unpopular
385198,0,8,unpopular
1061539,0,1,unpopular
786208,0,1,unpopular
1002509,0,8,unpopular
786309,0,9,unpopular
952376,0,3,unpopular
622151,0,1,unpopular
622636,0,8,unpopular
786381,0,20,unpopular
452234,0,1,unpopular
388610,0,12,unpopular
508210,0,38,unpopular
678401,0,6,unpopular
1060901,0,2,unpopular
1061744,0,9,unpopular
851817,0,5,unpopular
1062115,0,13,unpopular
901563,0,5,unpopular
901629,0,5,unpopular
387117,0,18,unpopular
737843,0,7,unpopular
952786,0,5,unpopular
567137,0,1,unpopular
507735,0,14,unpopular
567288,0,13,unpopular
953837,0,6,unpopular
902001,0,2,unpopular
1110094,0,3,unpopular
678954,0,3,unpopular
739151,0,27,unpopular
739903,0,6,unpopular
739607,0,3,unpopular
452261,0,2,unpopular
679251,0,3,unpopular
954836,0,19,unpopular
1110476,0,16,unpopular
740819,0,12,unpopular
1063416,0,35,unpopular
1002266,0,6,unpopular
1001309,0,5,unpopular
452547,0,1,unpopular
452560,0,4,unpopular
1108705,0,67,unpopular
568705,0,1,unpopular
623766,0,2,unpopular
453025,0,25,unpopular
1003561,0,21,unpopular
1061846,0,14,unpopular
851712,0,2,unpopular
901718,0,6,unpopular
237323,0,11,unpopular
569802,0,4,unpopular
452027,0,3,unpopular
235410,0,2,unpopular
788787,0,1,unpopular
235170,0,3,unpopular
740141,0,10,unpopular
680042,0,15,unpopular
623577,0,14,unpopular
851566,0,17,unpopular
954258,0,2,unpopular
623127,0,4,unpopular
1110780,0,5,unpopular
509442,0,8,unpopular
1064064,0,14,unpopular
680988,0,3,unpopular
853713,0,3,unpopular
453228,0,4,unpopular
624136,0,4,unpopular
852965,0,1,unpopular
955729,0,16,unpopular
1111303,0,4,unpopular
741591,0,1,unpopular
509286,0,7,unpopular
680476,0,5,unpopular
570176,0,8,unpopular
680795,0,29,unpopular
396011,0,1,unpopular
681524,0,7,unpopular
396166,0,25,unpopular
238324,0,5,unpopular
681864,0,2,unpopular
625633,0,11,unpopular
625229,0,6,unpopular
508795,0,10,unpopular
239299,0,7,unpopular
681988,0,2,unpopular
239483,0,10,unpopular
681806,0,1,unpopular
790201,0,3,unpopular
1065206,0,3,unpopular
570611,0,1,unpopular
570628,0,1,unpopular
742276,0,2,unpopular
856287,0,3,unpopular
1065817,0,3,unpopular
510943,0,10,unpopular
904822,0,1,unpopular
1064632,0,4,unpopular
682422,0,2,unpopular
741230,0,4,unpopular
743492,0,2,unpopular
397219,0,10,unpopular
956716,0,2,unpopular
241653,0,7,unpopular
856195,0,3,unpopular
511763,0,1,unpopular
241694,0,6,unpopular
1006197,0,5,unpopular
790376,0,21,unpopular
683829,0,49,unpopular
625157,0,5,unpopular
1112363,0,2,unpopular
853434,0,9,unpopular
402021,0,5,unpopular
955971,0,1,unpopular
957816,0,3,unpopular
1113337,0,2,unpopular
401314,0,39,unpopular
512118,0,72,unpopular
906652,0,2,unpopular
956894,0,7,unpopular
247673,0,1,unpopular
571891,0,4,unpopular
250346,0,5,unpopular
246863,0,2,unpopular
571808,0,3,unpopular
570546,0,1,unpopular
906598,0,3,unpopular
626337,0,8,unpopular
626735,0,1,unpopular
626141,0,27,unpopular
856161,0,2,unpopular
626219,0,1,unpopular
247903,0,1,unpopular
569938,0,8,unpopular
456863,0,4,unpopular
1006629,0,3,unpopular
248029,0,22,unpopular
1005864,0,7,unpopular
626516,0,2,unpopular
510833,0,17,unpopular
1066169,0,3,unpopular
251828,0,40,unpopular
791240,0,3,unpopular
791241,0,6,unpopular
572123,0,6,unpopular
684240,0,2,unpopular
684035,0,13,unpopular
790712,0,5,unpopular
570481,0,1,unpopular
513406,0,3,unpopular
744667,0,5,unpopular
570489,0,1,unpopular
1067153,0,18,unpopular
627274,0,4,unpopular
572853,0,2,unpopular
907163,0,10,unpopular
627352,0,3,unpopular
682205,0,8,unpopular
404937,0,2,unpopular
745066,0,1,unpopular
792321,0,19,unpopular
574128,0,28,unpopular
958627,0,1,unpopular
957964,0,1,unpopular
958110,0,3,unpopular
627476,0,9,unpopular
457322,0,7,unpopular
410693,0,11,unpopular
1008003,0,1,unpopular
513741,0,3,unpopular
684985,0,3,unpopular
792185,0,1,unpopular
404288,0,9,unpopular
1115146,0,13,unpopular
1113175,0,2,unpopular
254446,0,2,unpopular
628506,0,1,unpopular
257495,0,1,unpopular
1114145,0,1,unpopular
1114203,0,10,unpopular
1067660,0,2,unpopular
573486,0,4,unpopular
402856,0,9,unpopular
252595,0,1,unpopular
960134,0,3,unpopular
513717,0,3,unpopular
513720,0,10,unpopular
250312,0,1,unpopular
792964,0,16,unpopular
685089,0,15,unpopular
1114337,0,8,unpopular
256437,0,11,unpopular
685620,0,1,unpopular
1068526,0,4,unpopular
254043,0,1,unpopular
573262,0,7,unpopular
685354,0,11,unpopular
628912,0,9,unpopular
745293,0,1,unpopular
745302,0,9,unpopular
514774,0,2,unpopular
908183,0,2,unpopular
410657,0,3,unpopular
745584,0,5,unpopular
1008401,0,1,unpopular
745146,0,3,unpopular
961040,0,2,unpopular
959284,0,97,unpopular
686762,0,2,unpopular
627495,0,6,unpopular
412714,0,11,unpopular
458460,0,1,unpopular
958985,0,1,unpopular
959932,0,2,unpopular
629566,0,1,unpopular
1008616,0,8,unpopular
1008946,0,5,unpopular
412912,0,2,unpopular
859721,0,12,unpopular
960213,0,3,unpopular
791985,0,5,unpopular
1009388,0,6,unpopular
515549,0,4,unpopular
413228,0,12,unpopular
459049,0,9,unpopular
960789,0,9,unpopular
628382,0,1,unpopular
746303,0,1,unpopular
1009834,0,1,unpopular
960587,0,2,unpopular
1117129,0,30,unpopular
629520,0,4,unpopular
794011,0,2,unpopular
746159,0,9,unpopular
687786,0,1,unpopular
1010170,0,19,unpopular
413707,0,9,unpopular
515408,0,15,unpopular
1116634,0,6,unpopular
794988,0,1,unpopular
961806,0,16,unpopular
460331,0,4,unpopular
793752,0,3,unpopular
1068365,0,23,unpopular
794589,0,1,unpopular
629870,0,3,unpopular
960968,0,7,unpopular
629047,0,1,unpopular
961187,0,1,unpopular
461223,0,3,unpopular
687129,0,11,unpopular
1117944,0,35,unpopular
516708,0,4,unpopular
630747,0,5,unpopular
264137,0,2,unpopular
748229,0,10,unpopular
861005,0,2,unpopular
962752,0,17,unpopular
1010936,0,2,unpopular
859642,0,5,unpopular
576011,0,1,unpopular
1069013,0,44,unpopular
629379,0,1,unpopular
461461,0,2,unpopular
1116761,0,2,unpopular
575266,0,1,unpopular
1118347,0,4,unpopular
747247,0,1,unpopular
460087,0,21,unpopular
460394,0,6,unpopular
631080,0,28,unpopular
911838,0,8,unpopular
962517,0,4,unpopular
268825,0,1,unpopular
1009505,0,2,unpopular
748553,0,5,unpopular
270583,0,7,unpopular
460723,0,1,unpopular
794957,0,5,unpopular
860585,0,6,unpopular
796171,0,4,unpopular
631736,0,3,unpopular
747828,0,1,unpopular
747833,0,14,unpopular
459364,0,1,unpopular
131974,0,1,unpopular
577734,0,2,unpopular
576551,0,3,unpopular
962425,0,4,unpopular
749059,0,1,unpopular
962467,0,17,unpopular
962028,0,5,unpopular
963289,0,2,unpopular
861376,0,8,unpopular
690029,0,1,unpopular
631365,0,1,unpopular
264818,0,14,unpopular
1071338,0,17,unpopular
631547,0,9,unpopular
578031,0,13,unpopular
631873,0,1,unpopular
793585,0,6,unpopular
460882,0,13,unpopular
749542,0,3,unpopular
960658,0,16,unpopular
631904,0,3,unpopular
795681,0,5,unpopular
796793,0,12,unpopular
462605,0,1,unpopular
631281,0,2,unpopular
691297,0,1,unpopular
690888,0,16,unpopular
1119717,0,3,unpopular
1071594,0,4,unpopular
463315,0,7,unpopular
911561,0,2,unpopular
1011043,0,6,unpopular
577260,0,6,unpopular
270847,0,56,unpopular
964018,0,1,unpopular
577554,0,1,unpopular
1012097,0,8,unpopular
1072446,0,8,unpopular
1072680,0,15,unpopular
1070143,0,2,unpopular
690107,0,2,unpopular
690122,0,3,unpopular
462510,0,19,unpopular
1070155,0,14,unpopular
748325,0,5,unpopular
963864,0,1,unpopular
1071860,0,47,unpopular
272103,0,5,unpopular
964718,0,17,unpopular
463092,0,10,unpopular
463094,0,1,unpopular
632780,0,9,unpopular
964080,0,3,unpopular
463466,0,9,unpopular
796885,0,8,unpopular
519145,0,3,unpopular
271810,0,2,unpopular
750110,0,3,unpopular
464104,0,1,unpopular
418347,0,108,unpopular
1071967,0,27,unpopular
633518,0,6,unpopular
913126,0,1,unpopular
691917,0,5,unpopular
1012167,0,2,unpopular
964675,0,36,unpopular
464648,0,11,unpopular
274241,0,43,unpopular
578858,0,7,unpopular
462883,0,1,unpopular
278340,0,31,unpopular
578834,0,1,unpopular
580193,0,1,unpopular
580238,0,10,unpopular
963383,0,2,unpopular
966073,0,10,unpopular
418067,0,3,unpopular
281333,0,4,unpopular
634134,0,2,unpopular
281832,0,2,unpopular
418534,0,14,unpopular
277371,0,1,unpopular
863172,0,13,unpopular
1072830,0,5,unpopular
277616,0,3,unpopular
750455,0,3,unpopular
277693,0,20,unpopular
633690,0,7,unpopular
633693,0,3,unpopular
913464,0,5,unpopular
750318,0,25,unpopular
751332,0,7,unpopular
864613,0,8,unpopular
865114,0,4,unpopular
464521,0,11,unpopular
1013856,0,11,unpopular
1013577,0,11,unpopular
580698,0,1,unpopular
633899,0,1,unpopular
1013020,0,16,unpopular
913962,0,1,unpopular
966120,0,84,unpopular
1120167,0,7,unpopular
1119824,0,24,unpopular
633924,0,7,unpopular
1013112,0,4,unpopular
1121327,0,5,unpopular
750264,0,1,unpopular
1014361,0,1,unpopular
1013146,0,7,unpopular
691532,0,2,unpopular
635014,0,4,unpopular
520093,0,1,unpopular
275171,0,15,unpopular
521191,0,4,unpopular
520927,0,1,unpopular
464860,0,7,unpopular
1074806,0,1,unpopular
419273,0,5,unpopular
965374,0,3,unpopular
797194,0,4,unpopular
581110,0,8,unpopular
635155,0,15,unpopular
465876,0,7,unpopular
464957,0,10,unpopular
464803,0,6,unpopular
966624,0,11,unpopular
466142,0,3,unpopular
1014852,0,5,unpopular
285303,0,2,unpopular
635630,0,1,unpopular
420480,0,2,unpopular
865632,0,3,unpopular
800795,0,4,unpopular
798180,0,12,unpopular
580426,0,2,unpopular
694321,0,12,unpopular
464415,0,1,unpopular
286200,0,9,unpopular
286249,0,8,unpopular
521230,0,2,unpopular
467162,0,15,unpopular
752209,0,11,unpopular
1075937,0,7,unpopular
751494,0,9,unpopular
521596,0,2,unpopular
751563,0,37,unpopular
288277,0,9,unpopular
288368,0,8,unpopular
419681,0,2,unpopular
915870,0,6,unpopular
283993,0,1,unpopular
420506,0,131,unpopular
420508,0,9,unpopular
1075909,0,3,unpopular
467468,0,11,unpopular
966958,0,2,unpopular
1014782,0,18,unpopular
753232,0,4,unpopular
520565,0,2,unpopular
466976,0,1,unpopular
580738,0,5,unpopular
636123,0,4,unpopular
800912,0,6,unpopular
636131,0,9,unpopular
285743,0,37,unpopular
1074353,0,8,unpopular
865253,0,1,unpopular
420801,0,38,unpopular
967943,0,2,unpopular
466675,0,1,unpopular
634701,0,4,unpopular
801858,0,1,unpopular
423105,0,11,unpopular
967086,0,7,unpopular
465390,0,1,unpopular
1121487,0,19,unpopular
1122512,0,14,unpopular
916918,0,13,unpopular
695247,0,12,unpopular
695276,0,5,unpopular
467658,0,11,unpopular
1076325,0,5,unpopular
422662,0,2,unpopular
867495,0,5,unpopular
754333,0,5,unpopular
754749,0,1,unpopular
1015935,0,7,unpopular
1015999,0,12,unpopular
1124245,0,16,unpopular
522577,0,1,unpopular
969086,0,3,unpopular
867511,0,14,unpopular
917587,0,4,unpopular
867378,0,1,unpopular
867409,0,7,unpopular
801096,0,14,unpopular
1076012,0,1,unpopular
968071,0,1,unpopular
1016572,0,31,unpopular
292374,0,13,unpopular
1016576,0,1,unpopular
1077522,0,5,unpopular
1015436,0,4,unpopular
753407,0,8,unpopular
755020,0,1,unpopular
292941,0,16,unpopular
523474,0,1,unpopular
751797,0,9,unpopular
523478,0,2,unpopular
1016230,0,1,unpopular
751837,0,5,unpopular
1123094,0,6,unpopular
292974,0,19,unpopular
1123820,0,1,unpopular
582067,0,1,unpopular
293064,0,18,unpopular
1016103,0,1,unpopular
637760,0,1,unpopular
802513,0,2,unpopular
423389,0,2,unpopular
637809,0,2,unpopular
290885,0,2,unpopular
919473,0,2,unpopular
583414,0,5,unpopular
583416,0,11,unpopular
868695,0,2,unpopular
1077089,0,3,unpopular
293796,0,2,unpopular
1077110,0,1,unpopular
424601,0,6,unpopular
424298,0,3,unpopular
918075,0,24,unpopular
803834,0,4,unpopular
295541,0,6,unpopular
1017753,0,16,unpopular
295672,0,3,unpopular
467891,0,2,unpopular
468180,0,3,unpopular
294361,0,1,unpopular
804106,0,6,unpopular
868479,0,8,unpopular
523739,0,1,unpopular
294495,0,1,unpopular
469067,0,47,unpopular
638938,0,1,unpopular
1124876,0,7,unpopular
469381,0,7,unpopular
969198,0,22,unpopular
1078688,0,3,unpopular
697972,0,1,unpopular
1078114,0,1,unpopular
920124,0,2,unpopular
637219,0,11,unpopular
584079,0,8,unpopular
1079098,0,1,unpopular
425772,0,2,unpopular
425495,0,1,unpopular
470607,0,2,unpopular
968978,0,13,unpopular
1077911,0,25,unpopular
1077917,0,1,unpopular
638240,0,14,unpopular
638062,0,1,unpopular
639176,0,15,unpopular
697128,0,1,unpopular
970420,0,2,unpopular
470501,0,1,unpopular
755565,0,2,unpopular
525525,0,4,unpopular
697849,0,1,unpopular
525537,0,2,unpopular
1079353,0,6,unpopular
303085,0,36,unpopular
1123963,0,2,unpopular
756588,0,10,unpopular
639925,0,9,unpopular
639929,0,6,unpopular
699758,0,2,unpopular
755594,0,30,unpopular
1125614,0,11,unpopular
1019201,0,11,unpopular
1019206,0,3,unpopular
1078400,0,12,unpopular
426271,0,4,unpopular
1126588,0,1,unpopular
304792,0,1,unpopular
426159,0,1,unpopular
1018787,0,6,unpopular
922496,0,1,unpopular
425706,0,5,unpopular
638429,0,39,unpopular
524594,0,5,unpopular
524442,0,6,unpopular
298428,0,18,unpopular
804648,0,4,unpopular
1125490,0,3,unpopular
870606,0,2,unpopular
804195,0,9,unpopular
803942,0,3,unpopular
299435,0,6,unpopular
806485,0,2,unpopular
1127312,0,1,unpopular
306737,0,3,unpopular
972784,0,9,unpopular
640539,0,1,unpopular
527154,0,5,unpopular
527473,0,31,unpopular
699242,0,7,unpopular
698791,0,6,unpopular
870840,0,4,unpopular
1018574,0,1,unpopular
305679,0,3,unpopular
426050,0,8,unpopular
869817,0,4,unpopular
699050,0,7,unpopular
640943,0,11,unpopular
471264,0,2,unpopular
923948,0,1,unpopular
700031,0,1,unpopular
871807,0,4,unpopular
871880,0,1,unpopular
756672,0,1,unpopular
1126721,0,1,unpopular
756286,0,1,unpopular
1127462,0,14,unpopular
872227,0,2,unpopular
472310,0,3,unpopular
587271,0,17,unpopular
641628,0,17,unpopular
641648,0,4,unpopular
527349,0,16,unpopular
586387,0,2,unpopular
974262,0,1,unpopular
1127829,0,10,unpopular
473447,0,5,unpopular
701942,0,15,unpopular
473533,0,10,unpopular
473535,0,13,unpopular
807076,0,3,unpopular
528890,0,2,unpopular
757490,0,3,unpopular
701348,0,3,unpopular
472012,0,1,unpopular
759052,0,1,unpopular
805919,0,7,unpopular
1021069,0,1,unpopular
702826,0,1,unpopular
642698,0,3,unpopular
871708,0,1,unpopular
1020500,0,15,unpopular
701533,0,2,unpopular
642706,0,1,unpopular
473879,0,9,unpopular
308594,0,58,unpopular
924241,0,5,unpopular
641588,0,3,unpopular
640498,0,1,unpopular
588569,0,8,unpopular
702575,0,11,unpopular
1080536,0,25,unpopular
474591,0,3,unpopular
975728,0,5,unpopular
702659,0,2,unpopular
702754,0,1,unpopular
700677,0,4,unpopular
642611,0,5,unpopular
586703,0,24,unpopular
530340,0,4,unpopular
873590,0,9,unpopular
758262,0,2,unpopular
1128670,0,54,unpopular
703525,0,10,unpopular
808683,0,10,unpopular
975157,0,2,unpopular
760841,0,2,unpopular
758310,0,4,unpopular
809076,0,3,unpopular
590005,0,45,unpopular
757781,0,2,unpopular
757788,0,12,unpopular
760568,0,16,unpopular
1130854,0,10,unpopular
1130858,0,3,unpopular
760582,0,25,unpopular
1130585,0,3,unpopular
760724,0,7,unpopular
874702,0,2,unpopular
976189,0,4,unpopular
977314,0,5,unpopular
1129694,0,18,unpopular
1129761,0,7,unpopular
1081771,0,11,unpopular
531820,0,3,unpopular
589876,0,3,unpopular
644779,0,2,unpopular
531906,0,1,unpopular
1081802,0,6,unpopular
703286,0,10,unpopular
976816,0,4,unpopular
873874,0,2,unpopular
643437,0,19,unpopular
1083418,0,10,unpopular
761439,0,2,unpopular
644126,0,3,unpopular
976397,0,3,unpopular
589406,0,7,unpopular
1129043,0,14,unpopular
474820,0,1,unpopular
809864,0,1,unpopular
808527,0,3,unpopular
809894,0,13,unpopular
924767,0,4,unpopular
1024535,0,3,unpopular
1083123,0,3,unpopular
810444,0,6,unpopular
1129921,0,3,unpopular
1130713,0,1,unpopular
1130093,0,4,unpopular
705252,0,2,unpopular
703830,0,1,unpopular
1130469,0,2,unpopular
1023827,0,4,unpopular
532656,0,11,unpopular
1131488,0,5,unpopular
645239,0,1,unpopular
533310,0,1,unpopular
705845,0,14,unpopular
644714,0,19,unpopular
705886,0,11,unpopular
1025149,0,1,unpopular
1131926,0,2,unpopular
644356,0,1,unpopular
1084778,0,6,unpopular
928675,0,8,unpopular
876521,0,6,unpopular
1131991,0,7,unpopular
645785,0,11,unpopular
476818,0,3,unpopular
533807,0,2,unpopular
644360,0,2,unpopular
532357,0,1,unpopular
706519,0,1,unpopular
591725,0,5,unpopular
646317,0,2,unpopular
533007,0,3,unpopular
875909,0,2,unpopular
646400,0,49,unpopular
873997,0,1,unpopular
475524,0,14,unpopular
979510,0,27,unpopular
705123,0,2,unpopular
761648,0,7,unpopular
534036,0,14,unpopular
875591,0,2,unpopular
534656,0,10,unpopular
704746,0,1,unpopular
1132362,0,2,unpopular
476710,0,1,unpopular
478327,0,2,unpopular
928494,0,38,unpopular
644906,0,2,unpopular
1026405,0,1,unpopular
644910,0,2,unpopular
978630,0,5,unpopular
1131825,0,3,unpopular
706421,0,4,unpopular
1131848,0,1,unpopular
979686,0,7,unpopular
979721,0,12,unpopular
876748,0,2,unpopular
644939,0,12,unpopular
1131340,0,6,unpopular
763594,0,10,unpopular
646183,0,1,unpopular
978307,0,2,unpopular
1025895,0,1,unpopular
927397,0,3,unpopular
927667,0,1,unpopular
928181,0,15,unpopular
929392,0,3,unpopular
1026659,0,1,unpopular
1132911,0,2,unpopular
705353,0,1,unpopular
476444,0,7,unpopular
977932,0,3,unpopular
534217,0,2,unpopular
705964,0,20,unpopular
762716,0,1,unpopular
977956,0,3,unpopular
764056,0,3,unpopular
1025525,0,16,unpopular
1025543,0,15,unpopular
593157,0,4,unpopular
876631,0,12,unpopular
762150,0,6,unpopular
762161,0,6,unpopular
706970,0,1,unpopular
1084106,0,41,unpopular
1086293,0,1,unpopular
646879,0,15,unpopular
1085163,0,1,unpopular
707827,0,2,unpopular
1133259,0,2,unpopular
645948,0,11,unpopular
1026527,0,8,unpopular
928962,0,15,unpopular
647068,0,14,unpopular
764892,0,6,unpopular
929840,0,1,unpopular
1132603,0,10,unpopular
930296,0,1,unpopular
877766,0,1,unpopular
1084523,0,7,unpopular
534591,0,3,unpopular
930297,0,2,unpopular
1026103,0,7,unpopular
648809,0,7,unpopular
764559,0,3,unpopular
707193,0,4,unpopular
877976,0,2,unpopular
535379,0,3,unpopular
535385,0,4,unpopular
536461,0,1,unpopular
594270,0,1,unpopular
594284,0,2,unpopular
706925,0,2,unpopular
651178,0,1,unpopular
814930,0,3,unpopular
707413,0,31,unpopular
764185,0,10,unpopular
708989,0,1,unpopular
764210,0,19,unpopular
1028984,0,5,unpopular
594947,0,2,unpopular
480332,0,2,unpopular
481432,0,7,unpopular
1134456,0,4,unpopular
536563,0,6,unpopular
535422,0,2,unpopular
764251,0,8,unpopular
649013,0,10,unpopular
480422,0,1,unpopular
648113,0,13,unpopular
1136213,0,5,unpopular
1087858,0,1,unpopular
709246,0,5,unpopular
595014,0,1,unpopular
535074,0,4,unpopular
595038,0,3,unpopular
481722,0,4,unpopular
708083,0,3,unpopular
1135280,0,6,unpopular
538542,0,4,unpopular
479648,0,23,unpopular
708084,0,5,unpopular
651797,0,1,unpopular
708390,0,4,unpopular
647782,0,4,unpopular
1029471,0,5,unpopular
1029493,0,6,unpopular
538596,0,1,unpopular
711422,0,2,unpopular
596200,0,1,unpopular
1134837,0,1,unpopular
482298,0,4,unpopular
481205,0,19,unpopular
1137169,0,4,unpopular
480516,0,8,unpopular
712058,0,1,unpopular
1029058,0,8,unpopular
596986,0,25,unpopular
712259,0,8,unpopular
815549,0,12,unpopular
712261,0,5,unpopular
536389,0,10,unpopular
595468,0,2,unpopular
1135952,0,7,unpopular
595508,0,1,unpopular
652679,0,2,unpopular
1134306,0,44,unpopular
1031480,0,13,unpopular
651945,0,34,unpopular
817695,0,4,unpopular
598783,0,1,unpopular
816643,0,16,unpopular
816659,0,6,unpopular
816142,0,4,unpopular
538930,0,3,unpopular
1137202,0,4,unpopular
711358,0,31,unpopular
1032110,0,3,unpopular
538965,0,8,unpopular
481338,0,1,unpopular
539249,0,1,unpopular
653114,0,8,unpopular
537993,0,3,unpopular
713170,0,2,unpopular
879374,0,11,unpopular
538472,0,10,unpopular
815341,0,1,unpopular
711501,0,15,unpopular
1030134,0,6,unpopular
654921,0,6,unpopular
537632,0,1,unpopular
541875,0,6,unpopular
599459,0,5,unpopular
818475,0,1,unpopular
819946,0,6,unpopular
541081,0,13,unpopular
712917,0,1,unpopular
1136864,0,3,unpopular
1135802,0,6,unpopular
816761,0,39,unpopular
816855,0,11,unpopular
818821,0,3,unpopular
598479,0,13,unpopular
1137645,0,29,unpopular
818877,0,3,unpopular
817786,0,6,unpopular
484311,0,8,unpopular
598700,0,4,unpopular
484357,0,3,unpopular
543737,0,6,unpopular
653505,0,12,unpopular
542019,0,1,unpopular
656162,0,22,unpopular
1033680,0,4,unpopular
655528,0,1,unpopular
599028,0,7,unpopular
1034236,0,37,unpopular
713983,0,1,unpopular
1032547,0,11,unpopular
1032580,0,11,unpopular
1036287,0,4,unpopular
655710,0,13,unpopular
713386,0,3,unpopular
818609,0,1,unpopular
484265,0,4,unpopular
654136,0,1,unpopular
1035591,0,3,unpopular
820770,0,1,unpopular
542955,0,1,unpopular
715587,0,8,unpopular
1140072,0,5,unpopular
1032810,0,3,unpopular
1139237,0,10,unpopular
1037335,0,3,unpopular
543263,0,1,unpopular
1033784,0,3,unpopular
822826,0,1,unpopular
1034502,0,1,unpopular
712376,0,15,unpopular
822326,0,6,unpopular
715132,0,1,unpopular
542516,0,1,unpopular
822893,0,3,unpopular
1035993,0,5,unpopular
825783,0,12,unpopular
655889,0,6,unpopular
545615,0,17,unpopular
542183,0,4,unpopular
1038398,0,32,unpopular
655561,0,8,unpopular
1039275,0,8,unpopular
821999,0,14,unpopular
715216,0,13,unpopular
656832,0,6,unpopular
1039533,0,2,unpopular
1036126,0,10,unpopular
1143856,0,3,unpopular
1143874,0,10,unpopular
657473,0,15,unpopular
1034327,0,9,unpopular
1037854,0,14,unpopular
716228,0,6,unpopular
1143982,0,1,unpopular
826574,0,3,unpopular
1036666,0,2,unpopular
1141157,0,1,unpopular
543660,0,2,unpopular
1035787,0,2,unpopular
821250,0,3,unpopular
827257,0,3,unpopular
827353,0,9,unpopular
827909,0,1,unpopular
1148429,0,5,unpopular
839298,0,1,unpopular
739379,0,6,unpopular
517149,0,4,unpopular
700556,0,6,unpopular
767275,0,16,unpopular
826724,0,2,unpopular
936231,0,10,unpopular
1012120,0,3,unpopular
912982,0,27,unpopular
1147686,0,6,unpopular
652723,0,4,unpopular
783927,0,3,unpopular
785082,0,6,unpopular
396635,0,5,unpopular
1031661,0,1,unpopular
776400,1,1,neutral
856528,1,4,neutral
691851,1,1,neutral
873390,1,4,neutral
878527,1,6,neutral
657035,1,1,neutral
1141846,1,9,neutral
658193,1,6,neutral
428954,1,2,neutral
662155,1,7,neutral
833552,1,14,neutral
769287,1,13,neutral
1046384,1,13,neutral
1046443,1,15,neutral
986024,1,1,neutral
723233,1,8,neutral
776351,1,1,neutral
943218,1,38,neutral
729743,1,15,neutral
498460,1,1,neutral
1100553,1,17,neutral
844045,1,24,neutral
779086,1,3,neutral
779556,1,1,neutral
673263,1,13,neutral
733731,1,10,neutral
674490,1,2,neutral
1104896,1,30,neutral
782269,1,2,neutral
782640,1,4,neutral
848416,1,3,neutral
848916,1,3,neutral
784181,1,2,neutral
737141,1,17,neutral
383001,1,2,neutral
850439,1,1,neutral
620950,1,8,neutral
507814,1,45,neutral
852176,1,1,neutral
740006,1,18,neutral
568768,1,5,neutral
1110575,1,30,neutral
625431,1,2,neutral
856592,1,1,neutral
684432,1,1,neutral
1006812,1,5,neutral
744840,1,7,neutral
858805,1,10,neutral
859733,1,3,neutral
515932,1,1,neutral
962597,1,2,neutral
748162,1,12,neutral
861836,1,10,neutral
416688,1,24,neutral
963818,1,14,neutral
1120162,1,1,neutral
798016,1,6,neutral
520126,1,14,neutral
520316,1,3,neutral
800770,1,7,neutral
754357,1,5,neutral
802891,1,20,neutral
637428,1,32,neutral
870445,1,2,neutral
526277,1,18,neutral
871353,1,5,neutral
810265,1,48,neutral
979112,1,57,neutral
878613,1,3,neutral
709574,1,3,neutral
481059,1,2,neutral
596746,1,20,neutral
817779,1,4,neutral
821221,1,26,neutral
822783,1,7,neutral
823409,1,127,neutral
824314,1,1,neutral
824809,1,4,neutral
824886,1,50,neutral
545686,1,3,neutral
309487,1,5,neutral
880028,1,6,neutral
600096,1,7,neutral
828801,1,20,neutral
931144,1,1,neutral
658349,1,3,neutral
426701,1,13,neutral
484843,1,1,neutral
717165,1,2,neutral
310964,1,3,neutral
310445,1,5,neutral
765336,1,4,neutral
764971,1,5,neutral
427283,1,7,neutral
765593,1,1,neutral
427301,1,8,neutral
427334,1,12,neutral
879909,1,9,neutral
658670,1,3,neutral
765616,1,1,neutral
600974,1,4,neutral
427697,1,3,neutral
427628,1,2,neutral
312733,1,23,neutral
427719,1,26,neutral
485022,1,14,neutral
427483,1,51,neutral
427676,1,2,neutral
765701,1,12,neutral
546329,1,1,neutral
717963,1,6,neutral
314898,1,1,neutral
659089,1,2,neutral
880806,1,8,neutral
143581,1,5,neutral
486055,1,6,neutral
486395,1,3,neutral
766500,1,7,neutral
766512,1,2,neutral
718067,1,7,neutral
547508,1,3,neutral
767029,1,33,neutral
318964,1,11,neutral
547964,1,5,neutral
486737,1,13,neutral
767318,1,1,neutral
882205,1,16,neutral
831434,1,4,neutral
428862,1,5,neutral
320005,1,1,neutral
882317,1,27,neutral
6722,1,2,neutral
320574,1,4,neutral
660250,1,1,neutral
718988,1,1,neutral
767642,1,15,neutral
831416,1,3,neutral
548769,1,1,neutral
548783,1,13,neutral
767669,1,5,neutral
10639,1,2,neutral
321604,1,3,neutral
487286,1,6,neutral
603444,1,17,neutral
321245,1,1,neutral
322169,1,12,neutral
549033,1,1,neutral
661048,1,2,neutral
488013,1,2,neutral
1043908,1,8,neutral
152780,1,3,neutral
768298,1,14,neutral
832502,1,25,neutral
983702,1,2,neutral
153198,1,1,neutral
720393,1,4,neutral
1091607,1,2,neutral
325288,1,12,neutral
603846,1,15,neutral
325411,1,2,neutral
832887,1,3,neutral
431308,1,2,neutral
324295,1,5,neutral
549440,1,3,neutral
720692,1,13,neutral
549684,1,30,neutral
16401,1,19,neutral
18079,1,9,neutral
721637,1,4,neutral
431949,1,1,neutral
327100,1,11,neutral
432227,1,5,neutral
662628,1,59,neutral
551040,1,6,neutral
18878,1,4,neutral
432091,1,11,neutral
722056,1,7,neutral
663225,1,10,neutral
489804,1,1,neutral
885441,1,2,neutral
769964,1,5,neutral
551318,1,1,neutral
770049,1,14,neutral
432394,1,2,neutral
605110,1,19,neutral
432421,1,2,neutral
162791,1,6,neutral
432073,1,8,neutral
722580,1,2,neutral
490339,1,8,neutral
985970,1,11,neutral
663905,1,3,neutral
432960,1,1,neutral
433391,1,2,neutral
663914,1,10,neutral
433012,1,16,neutral
770913,1,34,neutral
552080,1,23,neutral
723461,1,3,neutral
334917,1,16,neutral
606890,1,5,neutral
771267,1,5,neutral
986429,1,9,neutral
606719,1,1,neutral
664490,1,1,neutral
491163,1,3,neutral
771702,1,11,neutral
607350,1,1,neutral
335220,1,5,neutral
552827,1,9,neutral
724232,1,14,neutral
607569,1,13,neutral
169554,1,2,neutral
836844,1,1,neutral
665306,1,42,neutral
772107,1,24,neutral
493550,1,6,neutral
434677,1,2,neutral
724844,1,11,neutral
435389,1,1,neutral
837104,1,3,neutral
938997,1,1,neutral
435058,1,2,neutral
608404,1,2,neutral
607995,1,6,neutral
608045,1,1,neutral
553818,1,5,neutral
1048426,1,36,neutral
837544,1,2,neutral
554180,1,1,neutral
666513,1,6,neutral
939585,1,7,neutral
988969,1,10,neutral
773304,1,27,neutral
554601,1,3,neutral
175302,1,1,neutral
175331,1,1,neutral
609403,1,17,neutral
773727,1,4,neutral
495067,1,4,neutral
436514,1,28,neutral
436745,1,7,neutral
889709,1,2,neutral
495693,1,9,neutral
774773,1,7,neutral
556188,1,2,neutral
774604,1,7,neutral
556463,1,4,neutral
889783,1,2,neutral
183614,1,6,neutral
839984,1,11,neutral
890467,1,1,neutral
775484,1,1,neutral
496536,1,2,neutral
610616,1,2,neutral
610654,1,5,neutral
557052,1,2,neutral
890840,1,1,neutral
438347,1,3,neutral
728444,1,2,neutral
351669,1,3,neutral
438548,1,5,neutral
184794,1,19,neutral
438856,1,1,neutral
841306,1,1,neutral
840929,1,7,neutral
669794,1,3,neutral
669531,1,2,neutral
188102,1,10,neutral
776661,1,5,neutral
557739,1,1,neutral
558124,1,18,neutral
439843,1,5,neutral
439718,1,1,neutral
892318,1,1,neutral
558575,1,1,neutral
558587,1,3,neutral
613102,1,12,neutral
670997,1,1,neutral
671003,1,7,neutral
357789,1,6,neutral
777594,1,3,neutral
671040,1,3,neutral
558903,1,9,neutral
777847,1,3,neutral
441889,1,4,neutral
777942,1,29,neutral
613316,1,6,neutral
441814,1,1,neutral
671474,1,1,neutral
1053692,1,2,neutral
498880,1,3,neutral
730199,1,27,neutral
498852,1,2,neutral
613679,1,1,neutral
359144,1,3,neutral
671680,1,13,neutral
671858,1,26,neutral
614103,1,6,neutral
196110,1,39,neutral
671889,1,2,neutral
843945,1,7,neutral
560087,1,2,neutral
198492,1,2,neutral
672185,1,1,neutral
614580,1,10,neutral
199503,1,3,neutral
200295,1,1,neutral
362880,1,2,neutral
778890,1,15,neutral
945539,1,1,neutral
442870,1,5,neutral
442882,1,6,neutral
779418,1,4,neutral
779456,1,12,neutral
364187,1,1,neutral
443423,1,1,neutral
500457,1,6,neutral
500074,1,1,neutral
779488,1,14,neutral
614975,1,2,neutral
615007,1,6,neutral
615356,1,9,neutral
1103312,1,14,neutral
1103512,1,2,neutral
204175,1,22,neutral
1103386,1,1,neutral
59972,1,2,neutral
845193,1,3,neutral
845143,1,3,neutral
367527,1,1,neutral
780646,1,1,neutral
501348,1,6,neutral
733467,1,22,neutral
733664,1,11,neutral
369037,1,1,neutral
780941,1,2,neutral
780962,1,13,neutral
502421,1,8,neutral
208305,1,6,neutral
445472,1,1,neutral
1104897,1,7,neutral
501990,1,1,neutral
372338,1,3,neutral
372584,1,5,neutral
781838,1,2,neutral
445811,1,5,neutral
997415,1,7,neutral
502806,1,3,neutral
617158,1,11,neutral
445830,1,2,neutral
948210,1,4,neutral
502978,1,8,neutral
734133,1,6,neutral
69689,1,7,neutral
503154,1,3,neutral
563722,1,17,neutral
782258,1,1,neutral
563636,1,1,neutral
446740,1,1,neutral
72948,1,2,neutral
375850,1,1,neutral
735625,1,6,neutral
618529,1,5,neutral
376240,1,14,neutral
847689,1,8,neutral
898347,1,7,neutral
847901,1,3,neutral
446908,1,3,neutral
1059020,1,1,neutral
504388,1,6,neutral
676650,1,2,neutral
505238,1,3,neutral
619784,1,12,neutral
899937,1,5,neutral
506516,1,10,neutral
785005,1,4,neutral
504987,1,1,neutral
619171,1,1,neutral
737197,1,10,neutral
505753,1,4,neutral
504722,1,13,neutral
1060033,1,142,neutral
506358,1,33,neutral
449387,1,2,neutral
737512,1,15,neutral
85194,1,2,neutral
449474,1,5,neutral
78793,1,7,neutral
450767,1,2,neutral
566439,1,1,neutral
566537,1,5,neutral
736590,1,6,neutral
449666,1,1,neutral
1000058,1,8,neutral
450327,1,4,neutral
784319,1,1,neutral
80233,1,6,neutral
451109,1,3,neutral
738659,1,9,neutral
506721,1,1,neutral
1060831,1,52,neutral
738531,1,9,neutral
387301,1,4,neutral
505204,1,4,neutral
507923,1,4,neutral
899478,1,4,neutral
507670,1,2,neutral
567471,1,4,neutral
786053,1,6,neutral
1001048,1,11,neutral
89308,1,2,neutral
622955,1,1,neutral
1001696,1,10,neutral
567911,1,1,neutral
739653,1,12,neutral
568839,1,14,neutral
787837,1,10,neutral
452262,1,9,neutral
621938,1,1,neutral
739228,1,1,neutral
621262,1,1,neutral
621315,1,12,neutral
569269,1,9,neutral
229980,1,18,neutral
508612,1,3,neutral
622239,1,1,neutral
680205,1,1,neutral
237386,1,5,neutral
785711,1,2,neutral
451945,1,1,neutral
680602,1,2,neutral
741118,1,6,neutral
904263,1,3,neutral
623610,1,30,neutral
740707,1,17,neutral
623680,1,1,neutral
569059,1,2,neutral
240487,1,2,neutral
681067,1,15,neutral
740606,1,14,neutral
391607,1,1,neutral
1110816,1,7,neutral
903345,1,11,neutral
904488,1,5,neutral
740525,1,9,neutral
741083,1,25,neutral
509526,1,37,neutral
955464,1,3,neutral
98429,1,6,neutral
453310,1,1,neutral
788476,1,4,neutral
452792,1,8,neutral
238326,1,2,neutral
787519,1,2,neutral
1063999,1,1,neutral
569819,1,4,neutral
570907,1,1,neutral
454170,1,3,neutral
1065529,1,4,neutral
742645,1,4,neutral
789920,1,25,neutral
681792,1,1,neutral
455738,1,3,neutral
509979,1,4,neutral
790068,1,1,neutral
570688,1,25,neutral
510030,1,1,neutral
741733,1,11,neutral
396437,1,10,neutral
625911,1,1,neutral
455440,1,19,neutral
455640,1,1,neutral
401619,1,4,neutral
626267,1,7,neutral
626277,1,2,neutral
455478,1,2,neutral
455510,1,19,neutral
456109,1,5,neutral
905003,1,14,neutral
625040,1,4,neutral
245873,1,14,neutral
684016,1,3,neutral
857497,1,1,neutral
513081,1,30,neutral
405572,1,7,neutral
404753,1,7,neutral
110720,1,2,neutral
574112,1,1,neutral
1113682,1,13,neutral
118383,1,1,neutral
250486,1,2,neutral
744777,1,15,neutral
109519,1,15,neutral
627428,1,1,neutral
458168,1,4,neutral
514273,1,1,neutral
251401,1,1,neutral
573032,1,4,neutral
409923,1,1,neutral
513825,1,8,neutral
1115238,1,1,neutral
457717,1,17,neutral
458743,1,1,neutral
513664,1,2,neutral
513696,1,2,neutral
906505,1,7,neutral
791800,1,20,neutral
1007544,1,5,neutral
960748,1,15,neutral
859243,1,28,neutral
255455,1,20,neutral
514856,1,2,neutral
409550,1,3,neutral
1115555,1,1,neutral
793151,1,8,neutral
627528,1,3,neutral
412276,1,3,neutral
412458,1,7,neutral
908920,1,4,neutral
629978,1,2,neutral
515531,1,3,neutral
687394,1,7,neutral
459886,1,2,neutral
746379,1,4,neutral
259015,1,30,neutral
961242,1,1,neutral
1069993,1,24,neutral
414557,1,3,neutral
1069489,1,5,neutral
575631,1,3,neutral
413578,1,17,neutral
575648,1,17,neutral
860733,1,1,neutral
629652,1,10,neutral
516786,1,13,neutral
630119,1,28,neutral
687745,1,5,neutral
747194,1,3,neutral
576658,1,8,neutral
1010360,1,3,neutral
268568,1,3,neutral
630244,1,17,neutral
575312,1,8,neutral
688449,1,1,neutral
461964,1,6,neutral
1117364,1,2,neutral
576515,1,1,neutral
911686,1,1,neutral
861825,1,1,neutral
127934,1,9,neutral
961440,1,5,neutral
687914,1,2,neutral
631393,1,51,neutral
1118073,1,6,neutral
517368,1,3,neutral
135938,1,2,neutral
630494,1,19,neutral
462663,1,2,neutral
631331,1,4,neutral
578506,1,2,neutral
690916,1,1,neutral
416437,1,1,neutral
134987,1,1,neutral
797623,1,7,neutral
519281,1,2,neutral
862850,1,2,neutral
418245,1,7,neutral
632437,1,1,neutral
135672,1,6,neutral
463492,1,1,neutral
271865,1,1,neutral
135866,1,7,neutral
749343,1,1,neutral
463277,1,13,neutral
418181,1,1,neutral
579311,1,22,neutral
518233,1,1,neutral
578884,1,2,neutral
519074,1,3,neutral
519087,1,1,neutral
519521,1,5,neutral
1012805,1,4,neutral
580159,1,1,neutral
963382,1,5,neutral
580038,1,5,neutral
418934,1,1,neutral
579130,1,4,neutral
579135,1,15,neutral
863369,1,6,neutral
280179,1,17,neutral
798260,1,127,neutral
749609,1,2,neutral
915212,1,1,neutral
750378,1,4,neutral
965799,1,3,neutral
966155,1,3,neutral
519223,1,2,neutral
521040,1,6,neutral
520226,1,2,neutral
419285,1,1,neutral
419339,1,14,neutral
634421,1,2,neutral
417906,1,3,neutral
1119569,1,19,neutral
580448,1,1,neutral
1123006,1,7,neutral
422373,1,1,neutral
752900,1,9,neutral
694687,1,5,neutral
751531,1,17,neutral
466779,1,4,neutral
753219,1,1,neutral
521076,1,4,neutral
865823,1,8,neutral
290039,1,18,neutral
1014662,1,4,neutral
1013976,1,9,neutral
581491,1,21,neutral
467692,1,5,neutral
423039,1,1,neutral
867129,1,2,neutral
752653,1,3,neutral
582777,1,16,neutral
422794,1,6,neutral
582822,1,2,neutral
801736,1,1,neutral
753789,1,1,neutral
867619,1,16,neutral
1123859,1,11,neutral
468442,1,5,neutral
523595,1,3,neutral
468248,1,14,neutral
523890,1,12,neutral
637865,1,1,neutral
802529,1,12,neutral
1123196,1,1,neutral
1123449,1,13,neutral
1017738,1,4,neutral
866998,1,1,neutral
467854,1,2,neutral
294171,1,1,neutral
523064,1,5,neutral
424691,1,6,neutral
637681,1,1,neutral
523243,1,3,neutral
583597,1,1,neutral
582359,1,13,neutral
1124546,1,6,neutral
469042,1,11,neutral
524312,1,53,neutral
300857,1,6,neutral
803749,1,10,neutral
470140,1,2,neutral
524730,1,38,neutral
1125338,1,4,neutral
755263,1,2,neutral
525971,1,12,neutral
583566,1,4,neutral
525273,1,9,neutral
1077232,1,10,neutral
1126294,1,4,neutral
1125105,1,4,neutral
1123982,1,26,neutral
424944,1,2,neutral
524886,1,3,neutral
424765,1,1,neutral
805735,1,5,neutral
585683,1,2,neutral
426225,1,4,neutral
524537,1,6,neutral
525795,1,1,neutral
524566,1,11,neutral
1124977,1,8,neutral
302375,1,12,neutral
756510,1,8,neutral
756922,1,1,neutral
700334,1,7,neutral
1079573,1,177,neutral
470684,1,4,neutral
584915,1,4,neutral
806436,1,29,neutral
640551,1,2,neutral
470254,1,1,neutral
923376,1,9,neutral
1126780,1,3,neutral
758103,1,9,neutral
1019075,1,5,neutral
526970,1,2,neutral
1020636,1,3,neutral
586261,1,2,neutral
1128313,1,3,neutral
586316,1,23,neutral
308130,1,2,neutral
587714,1,7,neutral
526763,1,1,neutral
588077,1,7,neutral
588086,1,10,neutral
585547,1,1,neutral
588469,1,10,neutral
470787,1,3,neutral
528779,1,13,neutral
759009,1,2,neutral
759073,1,2,neutral
700457,1,4,neutral
806607,1,3,neutral
587823,1,50,neutral
759223,1,8,neutral
588642,1,1,neutral
308611,1,4,neutral
642582,1,2,neutral
703580,1,6,neutral
589972,1,2,neutral
475602,1,23,neutral
474241,1,15,neutral
474985,1,3,neutral
926753,1,5,neutral
532192,1,2,neutral
974837,1,2,neutral
704312,1,4,neutral
529936,1,5,neutral
590158,1,7,neutral
589171,1,9,neutral
703926,1,3,neutral
806271,1,13,neutral
531874,1,5,neutral
704045,1,2,neutral
532123,1,12,neutral
532179,1,1,neutral
810289,1,6,neutral
590631,1,27,neutral
589693,1,2,neutral
809500,1,6,neutral
532404,1,12,neutral
530585,1,8,neutral
643318,1,11,neutral
532444,1,9,neutral
588327,1,1,neutral
529022,1,1,neutral
590559,1,5,neutral
643890,1,1,neutral
590568,1,2,neutral
531975,1,5,neutral
876462,1,11,neutral
761678,1,7,neutral
475845,1,2,neutral
534023,1,1,neutral
534311,1,1,neutral
476223,1,6,neutral
877672,1,8,neutral
534831,1,5,neutral
646465,1,2,neutral
927714,1,3,neutral
477442,1,2,neutral
534879,1,1,neutral
977625,1,2,neutral
1085209,1,12,neutral
875963,1,4,neutral
533076,1,8,neutral
876252,1,1,neutral
476107,1,5,neutral
764280,1,13,neutral
534624,1,4,neutral
535526,1,11,neutral
534420,1,1,neutral
764540,1,4,neutral
480082,1,36,neutral
476632,1,1,neutral
535406,1,10,neutral
480834,1,1,neutral
708944,1,1,neutral
534982,1,1,neutral
764769,1,1,neutral
594501,1,2,neutral
479051,1,12,neutral
480916,1,3,neutral
879663,1,4,neutral
481442,1,6,neutral
479055,1,3,neutral
595874,1,2,neutral
480379,1,10,neutral
764410,1,11,neutral
764430,1,3,neutral
479918,1,9,neutral
538057,1,3,neutral
930009,1,3,neutral
535302,1,3,neutral
536290,1,3,neutral
537576,1,10,neutral
595744,1,13,neutral
535077,1,3,neutral
481490,1,16,neutral
481567,1,11,neutral
647606,1,2,neutral
481160,1,15,neutral
481168,1,3,neutral
711233,1,1,neutral
535709,1,2,neutral
649577,1,6,neutral
594733,1,1,neutral
539393,1,4,neutral
480964,1,6,neutral
539407,1,6,neutral
596568,1,20,neutral
816416,1,1,neutral
538676,1,12,neutral
536424,1,2,neutral
1032036,1,2,neutral
481248,1,7,neutral
479839,1,4,neutral
816969,1,20,neutral
539052,1,3,neutral
536101,1,3,neutral
540707,1,3,neutral
597142,1,5,neutral
541815,1,1,neutral
1033595,1,11,neutral
538802,1,6,neutral
819923,1,5,neutral
1031062,1,7,neutral
482785,1,3,neutral
599137,1,20,neutral
1034082,1,17,neutral
598887,1,3,neutral
656070,1,2,neutral
482029,1,1,neutral
715352,1,3,neutral
652890,1,5,neutral
654081,1,4,neutral
481143,1,12,neutral
541547,1,2,neutral
543738,1,4,neutral
656094,1,27,neutral
712186,1,26,neutral
656445,1,3,neutral
821641,1,15,neutral
714226,1,1,neutral
544134,1,5,neutral
714261,1,2,neutral
483667,1,7,neutral
540102,1,12,neutral
544699,1,12,neutral
713631,1,6,neutral
541307,1,4,neutral
541622,1,8,neutral
539757,1,2,neutral
543151,1,1,neutral
545418,1,4,neutral
657743,1,3,neutral
819429,1,22,neutral
716537,1,1,neutral
823838,1,2,neutral
823892,1,49,neutral
544395,1,10,neutral
543371,1,4,neutral
542205,1,1,neutral
824790,1,8,neutral
654474,1,5,neutral
825995,1,132,neutral
654552,1,5,neutral
1040004,1,7,neutral
823324,1,8,neutral
545208,1,11,neutral
1141918,1,6,neutral
543505,1,6,neutral
823439,1,10,neutral
1036698,1,1,neutral
557754,1,1,neutral
746389,1,15,neutral
1060640,1,1,neutral
792652,1,1,neutral
657994,2,7,neutral
434038,2,3,neutral
666836,2,3,neutral
671038,2,14,neutral
444125,2,1,neutral
781094,2,2,neutral
503967,2,3,neutral
784507,2,16,neutral
510672,2,12,neutral
511647,2,9,neutral
512670,2,3,neutral
466650,2,1,neutral
828680,2,1,neutral
484831,2,2,neutral
484834,2,5,neutral
485116,2,5,neutral
600508,2,26,neutral
145336,2,9,neutral
316781,2,1,neutral
315219,2,4,neutral
146252,2,10,neutral
318316,2,1,neutral
767088,2,3,neutral
486471,2,13,neutral
428885,2,5,neutral
487652,2,9,neutral
933802,2,1,neutral
768262,2,10,neutral
14222,2,4,neutral
325384,2,34,neutral
549398,2,1,neutral
604259,2,6,neutral
604166,2,2,neutral
159194,2,27,neutral
663116,2,1,neutral
159263,2,2,neutral
769951,2,4,neutral
936132,2,2,neutral
330243,2,18,neutral
331079,2,5,neutral
160990,2,4,neutral
163795,2,1,neutral
770654,2,8,neutral
722814,2,3,neutral
165157,2,5,neutral
334528,2,8,neutral
723520,2,8,neutral
886691,2,4,neutral
434896,2,1,neutral
492081,2,15,neutral
553743,2,12,neutral
607737,2,2,neutral
435097,2,12,neutral
435261,2,11,neutral
665922,2,2,neutral
665801,2,1,neutral
772277,2,3,neutral
554002,2,7,neutral
608648,2,1,neutral
554598,2,1,neutral
773749,2,18,neutral
774355,2,33,neutral
774811,2,3,neutral
181840,2,4,neutral
775015,2,5,neutral
775054,2,3,neutral
890935,2,1,neutral
942545,2,24,neutral
186996,2,10,neutral
942943,2,2,neutral
187711,2,1,neutral
439585,2,3,neutral
48813,2,1,neutral
191067,2,16,neutral
48832,2,1,neutral
498116,2,19,neutral
612827,2,6,neutral
670664,2,1,neutral
842397,2,1,neutral
440550,2,1,neutral
776596,2,1,neutral
50639,2,6,neutral
671402,2,2,neutral
559174,2,2,neutral
842878,2,1,neutral
197206,2,2,neutral
614016,2,7,neutral
731222,2,1,neutral
945011,2,1,neutral
671948,2,1,neutral
1054529,2,11,neutral
559514,2,8,neutral
560150,2,11,neutral
560478,2,63,neutral
995221,2,3,neutral
615066,2,5,neutral
560751,2,5,neutral
444186,2,1,neutral
845031,2,4,neutral
444074,2,3,neutral
561288,2,1,neutral
561320,2,4,neutral
733321,2,3,neutral
501690,2,6,neutral
845697,2,2,neutral
501725,2,2,neutral
445419,2,12,neutral
846358,2,3,neutral
502915,2,7,neutral
734628,2,2,neutral
445788,2,1,neutral
563018,2,12,neutral
70494,2,10,neutral
503692,2,1,neutral
675922,2,2,neutral
375760,2,19,neutral
446986,2,1,neutral
619653,2,5,neutral
448484,2,2,neutral
448522,2,1,neutral
506009,2,1,neutral
506478,2,8,neutral
448951,2,7,neutral
219111,2,1,neutral
226607,2,7,neutral
783460,2,3,neutral
221324,2,22,neutral
677051,2,3,neutral
78177,2,1,neutral
1000430,2,5,neutral
566275,2,1,neutral
849559,2,8,neutral
677951,2,1,neutral
677995,2,1,neutral
850582,2,1,neutral
507830,2,7,neutral
1002667,2,2,neutral
679528,2,1,neutral
508602,2,3,neutral
509041,2,6,neutral
623763,2,33,neutral
680010,2,2,neutral
568603,2,1,neutral
569636,2,2,neutral
509502,2,12,neutral
509246,2,1,neutral
396028,2,1,neutral
454435,2,9,neutral
789042,2,4,neutral
241229,2,16,neutral
742317,2,5,neutral
741936,2,3,neutral
511729,2,2,neutral
241520,2,5,neutral
398760,2,4,neutral
955881,2,1,neutral
1112648,2,3,neutral
741780,2,12,neutral
743084,2,2,neutral
98755,2,9,neutral
396686,2,1,neutral
402552,2,5,neutral
455472,2,1,neutral
569968,2,6,neutral
1006017,2,12,neutral
1114050,2,7,neutral
684142,2,2,neutral
400636,2,4,neutral
112377,2,1,neutral
744063,2,10,neutral
682160,2,19,neutral
114653,2,3,neutral
456969,2,1,neutral
627627,2,20,neutral
118001,2,2,neutral
513709,2,3,neutral
457136,2,34,neutral
250218,2,13,neutral
407122,2,3,neutral
1007518,2,21,neutral
253052,2,1,neutral
514711,2,1,neutral
515644,2,1,neutral
412919,2,5,neutral
459851,2,20,neutral
515894,2,1,neutral
860160,2,16,neutral
515784,2,3,neutral
746727,2,7,neutral
861055,2,2,neutral
266652,2,12,neutral
516066,2,7,neutral
515742,2,12,neutral
576636,2,1,neutral
576335,2,13,neutral
516151,2,135,neutral
413427,2,15,neutral
576599,2,1,neutral
413083,2,3,neutral
517378,2,10,neutral
577316,2,1,neutral
269925,2,1,neutral
418295,2,7,neutral
750116,2,2,neutral
464103,2,1,neutral
580216,2,2,neutral
520280,2,5,neutral
520163,2,15,neutral
419356,2,2,neutral
750968,2,2,neutral
465866,2,9,neutral
467223,2,6,neutral
521920,2,1,neutral
420648,2,1,neutral
752060,2,7,neutral
801241,2,2,neutral
422147,2,5,neutral
521682,2,36,neutral
754687,2,6,neutral
423815,2,2,neutral
751855,2,18,neutral
524819,2,1,neutral
968819,2,1,neutral
424991,2,11,neutral
1124058,2,8,neutral
468867,2,1,neutral
426395,2,1,neutral
525044,2,2,neutral
971618,2,7,neutral
586120,2,1,neutral
970665,2,2,neutral
1125895,2,17,neutral
640343,2,4,neutral
426080,2,2,neutral
872832,2,2,neutral
924590,2,3,neutral
760855,2,6,neutral
1127601,2,7,neutral
759763,2,1,neutral
1025013,2,7,neutral
703114,2,2,neutral
704905,2,13,neutral
643831,2,2,neutral
590511,2,10,neutral
761982,2,1,neutral
644405,2,23,neutral
476176,2,1,neutral
762776,2,15,neutral
812715,2,3,neutral
707071,2,17,neutral
476379,2,2,neutral
762133,2,2,neutral
591564,2,3,neutral
535903,2,6,neutral
593670,2,2,neutral
762310,2,7,neutral
534958,2,18,neutral
647731,2,3,neutral
480349,2,5,neutral
651539,2,3,neutral
538045,2,2,neutral
813535,2,6,neutral
537038,2,18,neutral
709839,2,3,neutral
535712,2,2,neutral
648484,2,3,neutral
537871,2,6,neutral
483982,2,1,neutral
482447,2,2,neutral
599141,2,6,neutral
540000,2,1,neutral
820319,2,2,neutral
484100,2,5,neutral
715422,2,1,neutral
716001,2,7,neutral
1036386,2,2,neutral
545496,2,10,neutral
1038136,2,1,neutral
599331,2,5,neutral
822968,2,1,neutral
1141008,2,5,neutral
824919,2,9,neutral
824944,2,4,neutral
483425,2,14,neutral
514943,2,6,neutral
490602,3,2,neutral
786330,3,7,neutral
858958,3,1,neutral
860804,3,4,neutral
863698,3,4,neutral
807859,3,2,neutral
765334,3,10,neutral
313444,3,2,neutral
881405,3,4,neutral
486923,3,16,neutral
882515,3,2,neutral
933616,3,1,neutral
660648,3,2,neutral
487324,3,2,neutral
431282,3,11,neutral
432061,3,3,neutral
331393,3,3,neutral
770202,3,13,neutral
664157,3,2,neutral
771225,3,1,neutral
490946,3,6,neutral
664844,3,3,neutral
836422,3,1,neutral
434718,3,1,neutral
666028,3,3,neutral
494907,3,4,neutral
496873,3,4,neutral
993036,3,3,neutral
842460,3,13,neutral
194638,3,17,neutral
499459,3,10,neutral
499352,3,25,neutral
499731,3,1,neutral
560615,3,2,neutral
614319,3,25,neutral
844640,3,7,neutral
732121,3,2,neutral
60410,3,1,neutral
500591,3,6,neutral
366900,3,19,neutral
444998,3,3,neutral
445935,3,1,neutral
564102,3,2,neutral
448501,3,1,neutral
505014,3,14,neutral
449900,3,3,neutral
506308,3,6,neutral
449444,3,1,neutral
736527,3,10,neutral
786171,3,6,neutral
739546,3,18,neutral
506878,3,11,neutral
507036,3,2,neutral
453074,3,1,neutral
93450,3,8,neutral
568627,3,1,neutral
100332,3,2,neutral
454357,3,1,neutral
743041,3,15,neutral
512713,3,3,neutral
790738,3,2,neutral
117276,3,4,neutral
857297,3,10,neutral
251396,3,84,neutral
572751,3,2,neutral
513804,3,13,neutral
260208,3,3,neutral
747077,3,10,neutral
516012,3,36,neutral
517118,3,1,neutral
516089,3,19,neutral
263182,3,4,neutral
963153,3,32,neutral
689888,3,1,neutral
517620,3,6,neutral
579665,3,1,neutral
286421,3,11,neutral
521302,3,2,neutral
472834,3,2,neutral
641385,3,1,neutral
586462,3,3,neutral
588103,3,6,neutral
473649,3,1,neutral
472171,3,3,neutral
701584,3,2,neutral
588251,3,2,neutral
474684,3,11,neutral
532973,3,11,neutral
591274,3,32,neutral
536355,3,1,neutral
481096,3,5,neutral
715818,3,19,neutral
820863,3,2,neutral
545632,3,1,neutral
544074,3,1,neutral
716741,3,11,neutral
464233,4,15,neutral
472532,4,6,neutral
312550,4,4,neutral
314505,4,2,neutral
431608,4,3,neutral
605748,4,10,neutral
554898,4,33,neutral
840980,4,2,neutral
193847,4,1,neutral
68183,4,3,neutral
899625,4,4,neutral
451124,4,2,neutral
740533,4,3,neutral
741688,4,10,neutral
396107,4,20,neutral
511307,4,4,neutral
101595,4,2,neutral
511177,4,2,neutral
117524,4,5,neutral
574625,4,2,neutral
514654,4,1,neutral
517468,4,8,neutral
274551,4,19,neutral
465596,4,9,neutral
968389,4,2,neutral
697679,4,3,neutral
526460,4,1,neutral
473594,4,1,neutral
871145,4,2,neutral
592019,4,3,neutral
534397,4,5,neutral
476658,4,7,neutral
538014,4,13,neutral
537081,4,1,neutral
823438,4,128,neutral
486651,4,9,neutral
488286,5,12,popular
490407,5,2,popular
435529,5,25,popular
442865,5,1,popular
65779,5,10,popular
616665,5,1,popular
73603,5,1,popular
504493,5,4,popular
951884,5,5,popular
567168,5,1,popular
455031,5,2,popular
791019,5,16,popular
683941,5,1,popular
514710,5,5,popular
576697,5,2,popular
520251,5,9,popular
423286,5,1,popular
473257,5,10,popular
473138,5,5,popular
481337,5,1,popular
543166,5,4,popular
469458,6,32,popular
564824,6,5,popular
505421,6,2,popular
505667,6,8,popular
481176,6,1,popular
605772,7,2,popular
495397,7,1,popular
499217,7,3,popular
506925,7,2,popular
567173,7,4,popular
511482,7,1,popular
457525,7,15,popular
641134,7,1,popular
538749,7,1,popular
494099,8,1,popular
547267,8,3,popular
576309,8,11,popular
667078,9,2,popular
574795,9,1,popular
612345,10,28,popular
682776,10,2,popular
757968,10,4,popular
469048,11,13,popular
530020,11,11,popular
372896,13,8,popular
451288,13,1,popular
488660,24,3,popular
